DATE,Open,High,Low,Close,Adj Close,Volume,HM4UP,LM4DN
1998-04-01,482.880005,498.709991,399.480011,421.220001,421.220001,13619000,0,1
1998-05-01,401.529999,401.529999,301.220001,336.630005,336.630005,115691900,0,1
1998-06-01,334.100006,353.290009,277.369995,297.880005,297.880005,152192200,1,1
1998-07-01,298.01001,374.079987,298.01001,343.329987,343.329987,205699700,1,0
1998-08-01,336.119995,338.709991,288.059998,310.160004,310.160004,163895900,0,1
1998-09-01,309.73999,338.950012,287.459991,310.320007,310.320007,158434000,1,1
1998-10-01,309.519989,394.589996,302.709991,384.75,384.75,178230100,1,0
1998-11-01,406.970001,467.130005,393.980011,451.880005,451.880005,384957300,1,0
1998-12-01,451.850006,599.320007,438.420013,562.460022,562.460022,531371200,1,0
1999-01-01,575.409973,651.950012,531.200012,571.429993,571.429993,502515700,1,1
1999-02-01,572.950012,583.26001,489.75,520.059998,520.059998,238667400,0,1
1999-03-01,524.97998,622.909973,524.940002,618.97998,618.97998,411210700,1,0
1999-04-01,618.340027,806.409973,616.840027,752.590027,752.590027,667774300,1,0
1999-05-01,757.599976,826.039978,690.039978,736.02002,736.02002,503788300,1,1
1999-06-01,733.280029,909.330017,728.340027,883,883,527162900,1,0
1999-07-01,894.400024,1052.599976,860.130005,969.719971,969.719971,833740500,1,0
1999-08-01,967.700012,995.080017,841.27002,937.880005,937.880005,664511900,0,1
1999-09-01,944.5,984.570007,836.179993,836.179993,836.179993,540929500,1,1
1999-10-01,838.650024,877.059998,778.900024,833.51001,833.51001,591683600,1,1
1999-11-01,863.5,1024.089966,857.090027,996.659973,996.659973,857831800,1,0
1999-12-01,992.619995,1038.040039,934.219971,1028.069946,1028.069946,599985600,1,1
2000-01-01,1028.329956,1066.180054,875.820007,943.880005,943.880005,479837900,0,1
2000-02-01,955.440002,991.710022,810.530029,828.380005,828.380005,514464500,0,1
2000-03-01,864.780029,928.549988,820.299988,860.940002,860.940002,656199700,1,1
2000-04-01,866.75,880.409973,688.359985,725.390015,725.390015,408673300,0,1
2000-05-01,731.76001,778.460022,625.140015,731.880005,731.880005,494033700,1,1
2000-06-01,730.549988,858.340027,722.23999,821.219971,821.219971,878421300,1,0
2000-07-01,824.830017,863.530029,678.349976,705.969971,705.969971,875860400,1,1
2000-08-01,710.049988,754.460022,665.630005,688.619995,688.619995,602661600,1,1
2000-09-01,690.929993,698.280029,551,613.219971,613.219971,546243900,0,1
2000-10-01,595.679993,616.219971,483.579987,514.47998,514.47998,667144800,0,1
2000-11-01,524.690002,581.469971,499.519989,509.230011,509.230011,734927800,1,1
2000-12-01,490.880005,560.159973,489.529999,504.619995,504.619995,519927500,1,0
2001-01-01,503.309998,627.450012,500.970001,617.909973,617.909973,950774900,1,0
2001-02-01,606.48999,620.780029,571.039978,578.099976,578.099976,751303000,0,1
2001-03-01,574.609985,579.280029,516.969971,523.219971,523.219971,784162700,0,1
2001-04-01,520.559998,581.630005,491.209991,577.359985,577.359985,708481600,1,1
2001-05-01,586.27002,633.159973,572.359985,612.159973,612.159973,1180550800,1,0
2001-06-01,615.669983,623.369995,580.75,595.130005,595.130005,714870200,0,1
2001-07-01,593.030029,600.51001,512.780029,541.549988,541.549988,5648800,0,1
2001-08-01,546.299988,585.359985,542,545.109985,545.109985,9651600,1,0
2001-09-01,545.02002,559.169983,463.540009,479.679993,479.679993,7337300,0,1
2001-10-01,498.869995,550.929993,493.119995,537.809998,537.809998,9878600,1,0
2001-11-01,540.630005,680.909973,536.200012,643.890015,643.890015,16017000,1,0
2001-12-01,643.609985,715.929993,631.869995,693.700012,693.700012,11598800,1,0
2002-01-01,698,787.650024,690.359985,748.070007,748.070007,15760200,1,0
2002-02-01,757.070007,826.599976,718.859985,819.98999,819.98999,10888200,1,1
2002-03-01,842.210022,914.929993,815.539978,895.580017,895.580017,12552200,1,0
2002-04-01,900.469971,943.539978,829.159973,842.340027,842.340027,14740200,1,1
2002-05-01,855.409973,878.679993,794.919983,796.400024,796.400024,15248400,0,1
2002-06-01,793.530029,832.26001,699.150024,742.719971,742.719971,12999000,1,1
2002-07-01,722.580017,807.359985,688.679993,717.98999,717.98999,30545600,1,1
2002-08-01,720.98999,753.5,660.940002,736.400024,736.400024,23261600,1,1
2002-09-01,739.840027,755.440002,639.73999,646.419983,646.419983,13634400,0,1
2002-10-01,637.809998,682.809998,576.48999,658.919983,658.919983,22418200,1,1
2002-11-01,652.340027,725.599976,643.390015,724.799988,724.799988,20580200,1,0
2002-12-01,724.98999,737.700012,613.76001,627.549988,627.549988,15688200,0,1
2003-01-01,633.030029,679.299988,581.130005,591.859985,591.859985,12593000,1,1
2003-02-01,591.880005,619.450012,561.690002,575.429993,575.429993,11616400,1,1
2003-03-01,578.5,590.549988,512.299988,535.700012,535.700012,14941800,0,1
2003-04-01,529.070007,627.5,525.51001,599.349976,599.349976,15513600,1,0
2003-05-01,600.469971,637.190002,582.869995,633.419983,633.419983,9592800,1,0
2003-06-01,643.929993,690.700012,632.469971,669.929993,669.929993,9797600,1,0
2003-07-01,666.450012,724.530029,663.349976,713.52002,713.52002,12007600,1,0
2003-08-01,718.840027,765.27002,693.700012,759.469971,759.469971,9216200,1,0
2003-09-01,763.219971,775.880005,688.070007,697.52002,697.52002,8046800,0,1
2003-10-01,690.469971,793.349976,688.619995,782.359985,782.359985,10160000,1,0
2003-11-01,783.080017,818.340027,752.140015,796.179993,796.179993,11214000,1,0
2003-12-01,796.359985,824.26001,774.039978,810.710022,810.710022,9176200,0,0
2004-01-01,816.26001,873.609985,813.630005,848.5,848.5,371718300,1,0
2004-02-01,850.280029,890.51001,834.700012,883.419983,883.419983,9659800,1,0
2004-03-01,892.570007,910.669983,822.049988,880.5,880.5,9651600,0,1
2004-04-01,878.780029,939.52002,854.390015,862.840027,862.840027,415529800,1,0
2004-05-01,863.030029,876.299988,716.950012,803.840027,803.840027,6751000,0,1
2004-06-01,807.549988,820.869995,729.059998,785.789978,785.789978,8415600,0,1
2004-07-01,784.849976,792.77002,717.77002,735.340027,735.340027,7889400,0,1
2004-08-01,730.609985,815.049988,713.98999,803.570007,803.570007,6940000,1,0
2004-09-01,803.51001,863.190002,801.580017,835.090027,835.090027,7206200,1,0
2004-10-01,835.5,896.23999,801.01001,834.840027,834.840027,6806800,1,1
2004-11-01,832.52002,891.710022,831.320007,878.059998,878.059998,6406600,1,0
2004-12-01,874.469971,896.099976,838.099976,895.919983,895.919983,6710000,0,1
2005-01-01,896,934.099976,866.169983,932.700012,932.700012,8288400,1,0
2005-02-01,930.159973,1011.650024,918.440002,1011.359985,1011.359985,8563600,1,0
2005-03-01,1015.159973,1025.079956,946.409973,965.679993,965.679993,13025200,0,1
2005-04-01,963.780029,996.900024,902.880005,911.299988,911.299988,8541200,0,1
2005-05-01,916.47998,972.169983,910.719971,970.210022,970.210022,6671000,1,0
2005-06-01,964.080017,1010.909973,963.780029,1008.159973,1008.159973,8515400,1,0
2005-07-01,1003.559998,1113.430054,1002.380005,1111.290039,1111.290039,13622800,1,0
2005-08-01,1113.900024,1137.459961,1055.540039,1083.329956,1083.329956,9665400,0,1
2005-09-01,1093.469971,1238.719971,1092.140015,1221.01001,1221.01001,9192800,1,0
2005-10-01,1228.030029,1246.410034,1137.22998,1158.109985,1158.109985,9704000,0,1
2005-11-01,1165.77002,1300.880005,1165.310059,1297.439941,1297.439941,10318400,1,0
2005-12-01,1295.560059,1383.140015,1288.97998,1379.369995,1379.369995,10329800,1,0
2006-01-01,1383.319946,1426.209961,1285.630005,1399.829956,1399.829956,10209600,0,1
2006-02-01,1390.430054,1398.189941,1299.72998,1371.589966,1371.589966,7212400,0,1
2006-03-01,1377.459961,1379.300049,1296.780029,1359.599976,1359.599976,7134000,0,1
2006-04-01,1362.349976,1458.670044,1361.140015,1419.72998,1419.72998,6887400,1,0
2006-05-01,1419.640015,1464.699951,1295.469971,1317.699951,1317.699951,5300600,0,1
2006-06-01,1308.439941,1319.050049,1192.089966,1295.150024,1295.150024,4456800,0,1
2006-07-01,1294.569946,1316.119995,1231.050049,1297.819946,1297.819946,3764000,0,1
2006-08-01,1296.709961,1361.47998,1277.310059,1352.73999,1352.73999,4513200,1,0
2006-09-01,1354.77002,1378.98999,1323.900024,1371.410034,1371.410034,5243400,0,0
2006-10-01,1370.27002,1380.910034,1303.619995,1364.550049,1364.550049,4807400,0,1
2006-11-01,1372.030029,1434.849976,1363.709961,1432.209961,1432.209961,5149800,1,0
2006-12-01,1433.400024,1445.51001,1373.030029,1434.459961,1434.459961,4258200,0,1
2007-01-01,1438.890015,1439.709961,1345.079956,1360.22998,1360.22998,4240000,0,1
2007-02-01,1367.069946,1471.040039,1362.040039,1417.339966,1417.339966,4380800,1,0
2007-03-01,1407.189941,1459.689941,1375.839966,1452.550049,1452.550049,5811400,0,0
2007-04-01,1456.189941,1565.030029,1452.560059,1542.23999,1542.23999,7849800,1,0
2007-05-01,1550.390015,1702.01001,1546.599976,1700.910034,1700.910034,8742800,1,0
2007-06-01,1712.969971,1813.839966,1707.75,1743.599976,1743.599976,10039400,1,0
2007-07-01,1741.410034,2015.47998,1736.630005,1933.27002,1933.27002,10323800,1,0
2007-08-01,1920.069946,1928.640015,1626.869995,1873.23999,1873.23999,8622000,0,1
2007-09-01,1876.920044,1952.390015,1805.880005,1946.47998,1946.47998,6978200,1,0
2007-10-01,1948.780029,2070.860107,1875.22998,2064.850098,2064.850098,9678800,1,0
2007-11-01,2085.330078,2085.449951,1745.26001,1906,1906,7371600,0,1
2007-12-01,1907.949951,1972.369995,1808.859985,1897.130005,1897.130005,5438600,0,1
2008-01-01,1891.449951,1892.5,1570.869995,1624.680054,1624.680054,6319200,0,1
2008-02-01,1645.050049,1739.599976,1619.650024,1711.619995,1711.619995,5769000,1,0
2008-03-01,1676.300049,1709.310059,1537.530029,1703.98999,1703.98999,6077200,0,1
2008-04-01,1701.640015,1831.839966,1694.530029,1825.469971,1825.469971,6133200,1,0
2008-05-01,1851.640015,1901.130005,1791.400024,1852.02002,1852.02002,5924000,0,0
2008-06-01,1848.300049,1853.5,1669.689941,1674.920044,1674.920044,6313800,0,1
2008-07-01,1675.699951,1681.449951,1488.75,1594.670044,1594.670044,6806000,0,1
2008-08-01,1578.550049,1597.310059,1466.459961,1474.23999,1474.23999,512589000,0,1
2008-09-01,1453.140015,1503.829956,1366.880005,1448.060059,1448.060059,8266200,0,1
2008-10-01,1453.400024,1458.680054,892.159973,1113.060059,1113.060059,10081400,0,1
2008-11-01,1117.130005,1217.819946,914.02002,1076.069946,1076.069946,11203000,1,1
2008-12-01,1074,1201.140015,997,1124.469971,1124.469971,10411600,1,1
2009-01-01,1132.869995,1228.560059,1085.719971,1162.109985,1162.109985,7222400,1,1
2009-02-01,1145.869995,1227.72998,1036.670044,1063.030029,1063.030029,10345600,1,1
2009-03-01,1044.280029,1256.699951,992.690002,1206.26001,1206.26001,11485200,1,1
2009-04-01,1214.060059,1377.819946,1201.709961,1369.359985,1369.359985,16097400,1,0
2009-05-01,1386.02002,1436.920044,1315.209961,1395.890015,1395.890015,13548600,0,1
2009-06-01,1394.920044,1437.76001,1350.310059,1390.069946,1390.069946,10956200,0,0
2009-07-01,1386.329956,1559.069946,1377.599976,1557.290039,1557.290039,10618400,1,0
2009-08-01,1561.939941,1616.290039,1530.650024,1591.849976,1591.849976,10723400,0,0
2009-09-01,1592.290039,1723.170044,1583.109985,1673.140015,1673.140015,10543400,1,0
2009-10-01,1680.459961,1685.01001,1564.410034,1580.689941,1580.689941,7676200,0,1
2009-11-01,1543.23999,1630.410034,1519.400024,1555.599976,1555.599976,5595600,1,0
2009-12-01,1550.349976,1695.329956,1541.089966,1682.77002,1682.77002,7338600,1,0
2010-01-01,1681.709961,1723.219971,1595.390015,1602.430054,1602.430054,9179800,0,1
2010-02-01,1603.869995,1631.709961,1548.780029,1594.579956,1594.579956,7208400,0,0
2010-03-01,1612.430054,1705.569946,1608.969971,1692.849976,1692.849976,9177000,1,0
2010-04-01,1695.300049,1757.76001,1695.300049,1741.560059,1741.560059,9276800,0,0
2010-05-01,1735.680054,1740.150024,1532.680054,1641.25,1641.25,7554400,0,1
2010-06-01,1634.550049,1741.47998,1618.569946,1698.290039,1698.290039,6700800,1,0
2010-07-01,1687,1778.719971,1650.300049,1759.329956,1759.329956,8028400,1,0
2010-08-01,1771.380005,1797.420044,1716.859985,1742.75,1742.75,7271800,0,0
2010-09-01,1751.959961,1873.790039,1748.300049,1872.810059,1872.810059,6299600,1,0
2010-10-01,1872.390015,1924.609985,1837.079956,1882.949951,1882.949951,7760200,0,0
2010-11-01,1889.569946,1976.459961,1875.339966,1904.630005,1904.630005,7287000,1,0
2010-12-01,1907.699951,2052.969971,1904.709961,2051,2051,8711800,1,0
2011-01-01,2063.689941,2121.060059,2054.830078,2069.72998,2069.72998,8110600,0,0
2011-02-01,2079.919922,2107.830078,1935.930054,1939.300049,1939.300049,5079800,0,1
2011-03-01,1922.380005,2106.73999,1882.089966,2106.699951,2106.699951,6618600,1,0
2011-04-01,2107.669922,2231.469971,2081.97998,2192.360107,2192.360107,7719600,1,0
2011-05-01,2203.090088,2229.090088,2030.680054,2142.469971,2142.469971,6219800,0,1
2011-06-01,2142.669922,2152.949951,2008.839966,2100.689941,2100.689941,5473000,0,1
2011-07-01,2120.030029,2192.830078,2105.23999,2133.209961,2133.209961,6595200,0,0
2011-08-01,2160.090088,2173.280029,1684.680054,1880.109985,1880.109985,9609800,0,1
2011-09-01,1887.209961,1928.400024,1644.109985,1769.650024,1769.650024,7688800,0,1
2011-10-01,1683.939941,1963.73999,1658.060059,1909.030029,1909.030029,7332800,1,0
2011-11-01,1891.219971,1932.949951,1766.72998,1847.51001,1847.51001,7830000,0,1
2011-12-01,1911.5,1929.180054,1750.599976,1825.73999,1825.73999,9119200,0,1
2012-01-01,1831.689941,1973.349976,1810.47998,1955.790039,1955.790039,8596400,1,0
2012-02-01,1948.569946,2047.430054,1947.459961,2030.25,2030.25,13202000,1,0
2012-03-01,2041.52002,2057.280029,1966.689941,2014.040039,2014.040039,10434800,0,0
2012-04-01,2022.420044,2051.800049,1954.01001,1981.98999,1981.98999,10648000,0,0
2012-05-01,1994.170044,2001.109985,1779.469971,1843.469971,1843.469971,10022200,0,1
2012-06-01,1832.079956,1908.189941,1776.849976,1854.01001,1854.01001,7462400,1,0
2012-07-01,1864.72998,1896.829956,1758.98999,1881.98999,1881.98999,8280400,0,1
2012-08-01,1870.579956,1964.069946,1843.869995,1905.119995,1905.119995,9803200,1,0
2012-09-01,1909.060059,2012.73999,1873.48999,1996.209961,1996.209961,15066400,1,0
2012-10-01,1998.52002,2007.839966,1884.77002,1912.060059,1912.060059,10137000,0,1
2012-11-01,1903.569946,1941.839966,1856.810059,1932.900024,1932.900024,9848600,0,0
2012-12-01,1937.280029,2006.079956,1928.089966,1997.050049,1997.050049,7146600,0,0
2013-01-01,2013.73999,2042.47998,1930.369995,1961.939941,1961.939941,10904400,0,1
2013-02-01,1964.75,2030.849976,1928.75,2026.48999,2026.48999,7307200,0,0
2013-03-01,2028.550049,2033.890015,1946.050049,2004.890015,2004.890015,6856000,0,1
2013-04-01,2009.939941,2010.150024,1888.300049,1963.949951,1963.949951,7694400,0,1
2013-05-01,1961.670044,2013.290039,1935.569946,2001.050049,2001.050049,6587000,0,0
2013-06-01,1993.109985,2000.560059,1770.530029,1863.319946,1863.319946,5605600,0,1
2013-07-01,1851.569946,1920.599976,1809.719971,1914.030029,1914.030029,7604000,0,0
2013-08-01,1916.560059,1939.280029,1838.52002,1926.359985,1926.359985,7040100,0,1
2013-09-01,1925.319946,2018.02002,1921.01001,1996.959961,1996.959961,5085300,1,0
2013-10-01,1997.619995,2063.280029,1981.209961,2030.089966,2030.089966,5704900,0,0
2013-11-01,2037.25,2050.699951,1963.420044,2044.869995,2044.869995,6103900,0,0
2013-12-01,2050.449951,2052.879883,1947.439941,2011.339966,2011.339966,4603600,0,1
2014-01-01,2013.109985,2013.890015,1899.76001,1941.150024,1941.150024,4815400,0,1
2014-02-01,1930.089966,1981.150024,1885.530029,1979.98999,1979.98999,4482200,0,0
2014-03-01,1967.900024,1989.800049,1913.640015,1985.609985,1985.609985,4720700,0,0
2014-04-01,1983.780029,2013.089966,1955.150024,1961.790039,1961.790039,4483900,0,0
2014-05-01,1966.290039,2022.589966,1934.719971,1994.959961,1994.959961,4285500,0,0
2014-06-01,1998.810059,2016.780029,1965.119995,2002.209961,2002.209961,4602000,0,0
2014-07-01,1993.290039,2093.080078,1985.530029,2076.120117,2076.120117,6982900,1,0
2014-08-01,2063.709961,2088.860107,2026.560059,2068.540039,2068.540039,6081500,0,0
2014-09-01,2067.800049,2072.590088,2007.300049,2020.089966,2020.089966,6542100,0,0
2014-10-01,2013.469971,2013.469971,1896.540039,1964.430054,1964.430054,7389300,0,1
2014-11-01,1959.660034,1994.819946,1923.050049,1980.780029,1980.780029,6001200,0,0
2014-12-01,1971.949951,1990.040039,1897.5,1915.589966,1915.589966,5525200,0,0
2015-01-01,1914.23999,1964.130005,1876.27002,1949.26001,1949.26001,6845600,0,0
2015-02-01,1947.910034,1993.430054,1932.75,1985.800049,1985.800049,5913300,0,0
2015-03-01,1996.719971,2047.130005,1969.130005,2041.030029,2041.030029,8511800,0,0
2015-04-01,2035.400024,2189.540039,2024.640015,2127.169922,2127.169922,11582800,1,0
2015-05-01,2134.939941,2148.699951,2067.98999,2114.800049,2114.800049,7388600,0,0
2015-06-01,2110.120117,2110.879883,2008.459961,2074.199951,2074.199951,9174900,0,1
2015-07-01,2077.27002,2110.810059,1983.780029,2030.160034,2030.160034,13372100,0,1
2015-08-01,2026.25,2038.410034,1800.75,1941.48999,1941.48999,8369000,0,1
2015-09-01,1934.439941,1996.469971,1868.47998,1962.810059,1962.810059,10051700,0,0
2015-10-01,1963.550049,2064.719971,1958.630005,2029.469971,2029.469971,13186400,1,0
2015-11-01,2033.150024,2056.120117,1942.849976,1991.969971,1991.969971,8998800,0,1
2015-12-01,2001.51001,2026.329956,1919.219971,1961.310059,1961.310059,9508000,0,1
2016-01-01,1954.469971,1954.52002,1830.060059,1912.060059,1912.060059,7301400,0,1
2016-02-01,1919.619995,1929.530029,1817.969971,1916.660034,1916.660034,6189400,0,1
2016-03-01,1944.27002,2009.099976,1935.550049,1995.849976,1995.849976,7284100,0,0
2016-04-01,1994.77002,2023.77002,1954.109985,1994.150024,1994.150024,7973500,0,0
2016-05-01,1991.839966,1991.839966,1937.670044,1983.400024,1983.400024,9650600,0,0
2016-06-01,1976.869995,2035.27002,1892.75,1970.349976,1970.349976,9815300,0,1
2016-07-01,1977.359985,2030.689941,1944.329956,2016.189941,2016.189941,8068000,0,0
2016-08-01,2024.709961,2063.090088,1993,2034.650024,2034.650024,7805400,0,0
2016-09-01,2022.959961,2073.889893,1991.469971,2043.630005,2043.630005,8851700,0,0
2016-10-01,2056.939941,2070.429932,2002.290039,2008.189941,2008.189941,6637000,0,0
2016-11-01,2003.410034,2015.22998,1931.069946,1983.47998,1983.47998,6610700,0,0
2016-12-01,1987.47998,2053.459961,1960.650024,2026.459961,2026.459961,5669300,0,0
2017-01-01,2034.310059,2091.02002,2028.469971,2067.570068,2067.570068,8195900,0,0
2017-02-01,2075.310059,2108.98999,2052.290039,2091.639893,2091.639893,7128900,0,0
2017-03-01,2105.189941,2182.419922,2067.679932,2160.22998,2160.22998,8869800,0,0
2017-04-01,2166.040039,2217.040039,2117.820068,2205.439941,2205.439941,7345700,0,0
2017-05-01,2213.610107,2371.669922,2212.870117,2347.379883,2347.379883,7028200,1,0
2017-06-01,2348.310059,2402.800049,2335.629883,2391.790039,2391.790039,7483800,0,0
2017-07-01,2397.659912,2453.169922,2372.830078,2402.709961,2402.709961,6225600,0,0
2017-08-01,2397.120117,2434.469971,2310.199951,2363.189941,2363.189941,5724100,0,0
2017-09-01,2367.449951,2429.120117,2314.310059,2394.469971,2394.469971,5594200,0,0
2017-10-01,2425.629883,2528.320068,2421.100098,2523.429932,2523.429932,5051400,1,0
2017-11-01,2535.969971,2561.629883,2474.280029,2476.370117,2476.370117,7083100,0,0
2017-12-01,2488.919922,2514.610107,2411.47998,2467.48999,2467.48999,5966800,0,0
2018-01-01,2474.860107,2607.100098,2465.939941,2566.459961,2566.459961,8253400,1,0
2018-02-01,2578.909912,2583.73999,2346.72998,2427.360107,2427.360107,7281100,0,1
2018-03-01,2406.570068,2508.709961,2374.800049,2445.850098,2445.850098,8078900,1,0
2018-04-01,2454.719971,2515.379883,2405.909912,2515.379883,2515.379883,10439800,0,0
2018-05-01,2515.75,2516.570068,2399.580078,2423.01001,2423.01001,12820500,0,1
2018-06-01,2419.629883,2479.560059,2296.389893,2326.129883,2326.129883,9450900,0,1
2018-07-01,2322.22998,2327.590088,2243.899902,2295.26001,2295.26001,7509300,0,0
2018-08-01,2301.169922,2322.879883,2218.090088,2322.879883,2322.879883,6204500,0,0
2018-09-01,2317.929932,2356.620117,2264.899902,2343.070068,2343.070068,5433100,0,0
2018-10-01,2349.639893,2352.110107,1985.949951,2029.689941,2029.689941,7022100,0,1
2018-11-01,2035.109985,2136.73999,2023.430054,2096.860107,2096.860107,6978800,1,0
2018-12-01,2127.780029,2136.639893,2014.280029,2041.040039,2041.040039,7631800,0,1
2019-01-01,2050.550049,2222.879883,1984.530029,2204.850098,2204.850098,9455200,1,0
2019-02-01,2211.929932,2241.76001,2167.360107,2195.439941,2195.439941,6882500,0,0
2019-03-01,2210.969971,2216.02002,2120.929932,2140.669922,2140.669922,6458000,0,1
2019-04-01,2153.310059,2252.050049,2153.310059,2203.590088,2203.590088,9164500,1,0
2019-05-01,2192.939941,2217.030029,2016.25,2041.73999,2041.73999,11243200,0,1
2019-06-01,2031.030029,2141.27002,2029.170044,2130.620117,2130.620117,11256800,1,0
